Workbook
Name lst_AssetTags: OFFSET('Asset Register'!$A$2,0,0,MAX(1,COUNTA('Asset Register'!$A:$A)-1),1)
Name lst_Category: OFFSET(Lists!$A$2,0,0,MAX(1,COUNTA(Lists!$A:$A)-1),1)
Name lst_ChangeType: OFFSET(Lists!$H$2,0,0,MAX(1,COUNTA(Lists!$H:$H)-1),1)
Name lst_Condition: OFFSET(Lists!$F$2,0,0,MAX(1,COUNTA(Lists!$F:$F)-1),1)
Name lst_Department: OFFSET(Lists!$G$2,0,0,MAX(1,COUNTA(Lists!$G:$G)-1),1)
Name lst_FaultStatus: OFFSET(Lists!$I$2,0,0,MAX(1,COUNTA(Lists!$I:$I)-1),1)
Name lst_Status: OFFSET(Lists!$E$2,0,0,MAX(1,COUNTA(Lists!$E:$E)-1),1)

Sheet README
A1: IT ASSET INVENTORY — Phoenix BPO Solutions
A3: The tabs
A4: Dashboard — what needs attention. Updates itself.
A5: Asset Register — one row per item: what it is, who has it, where.
A6: Change Log — one row each time an item is issued, returned, moved or changed.
A7: Fault Log — one row per fault or repair.
A8: Consumables — spare stock you don't tag one by one (chargers, cables, spare mice).
A9: Lists — dropdown values, tag prefixes, and the next free tag for each category.
A11: Daily routine
A12: Giving out an item: Change Log row (Issued) → update Assigned To / NID / Department in Asset Register.
A13: Something breaks: Fault Log row (Status = Open) → Asset Register Status = Faulty or Under Repair.
A14: Fixed: Fault Log Status = Closed + Date Closed → Asset Register Status back to In Use or Spare.
... A28: Amber = item marked In Use but nobody assigned.

Sheet Dashboard
A1: IT ASSET DASHBOARD — Phoenix BPO Solutions
A2: Updates by itself from the other tabs. Nothing to type here.
A4: Needs attention | D4: Active by category
A5: Open faults | B5: =COUNTIF('Fault Log'!$I:$I,"Open")+COUNTIF('Fault Log'!$I:$I,"In Progress")+COUNTIF('Fault Log'!$I:$I,"With Vendor") -> 0 | D5: =IF(Lists!$A$2="","",Lists!$A$2) -> Laptop | E5: =IF(D5="","",COUNTIFS('Asset Register'!$B:$B,D5,'Asset Register'!$F:$F,"<>Retired",'Asset Register'!$F:$F,"<>Disposed")) -> 6
A6: In Use but nobody assigned | B6: =COUNTIFS('Asset Register'!$F:$F,"In Use",'Asset Register'!$H:$H,"") -> 0 | D6: =IF(Lists!$A$3="","",Lists!$A$3) -> Desktop | E6: =IF(D6="","",COUNTIFS('Asset Register'!$B:$B,D6,'Asset Register'!$F:$F,"<>Retired",'Asset Register'!$F:$F,"<>Disposed")) -> 0
A7: Faulty / under repair | B7: =COUNTIF('Asset Register'!$F:$F,"Faulty")+COUNTIF('Asset Register'!$F:$F,"Under Repair") -> 0 | D7: =IF(Lists!$A$4="","",Lists!$A$4) -> Monitor | E7: =IF(D7="","",COUNTIFS('Asset Register'!$B:$B,D7,'Asset Register'!$F:$F,"<>Retired",'Asset Register'!$F:$F,"<>Disposed")) -> 0
A8: Lost / stolen | B8: =COUNTIF('Asset Register'!$F:$F,"Lost / Stolen") -> 0 | D8: =IF(Lists!$A$5="","",Lists!$A$5) -> Headset | E8: =IF(D8="","",COUNTIFS('Asset Register'!$B:$B,D8,'Asset Register'!$F:$F,"<>Retired",'Asset Register'!$F:$F,"<>Disposed")) -> 5
A9: Consumables to reorder | B9: =COUNTIF(Consumables!$G:$G,"REORDER") -> 1 | D9: =IF(Lists!$A$6="","",Lists!$A$6) -> Keyboard | E9: =IF(D9="","",COUNTIFS('Asset Register'!$B:$B,D9,'Asset Register'!$F:$F,"<>Retired",'Asset Register'!$F:$F,"<>Disposed")) -> 0
D10: =IF(Lists!$A$7="","",Lists!$A$7) -> Mouse | E10: =IF(D10="","",COUNTIFS('Asset Register'!$B:$B,D10,'Asset Register'!$F:$F,"<>Retired",'Asset Register'!$F:$F,"<>Disposed")) -> 6
A11: Overview | D11: =IF(Lists!$A$8="","",Lists!$A$8) -> Webcam | E11: =IF(D11="","",COUNTIFS('Asset Register'!$B:$B,D11,'Asset Register'!$F:$F,"<>Retired",'Asset Register'!$F:$F,"<>Disposed")) -> 0
A12: Total assets on register | B12: =COUNTA('Asset Register'!$A:$A)-1 -> 17 | D12: =IF(Lists!$A$9="","",Lists!$A$9) -> Docking Station | E12: =IF(D12="","",COUNTIFS('Asset Register'!$B:$B,D12,'Asset Register'!$F:$F,"<>Retired",'Asset Register'!$F:$F,"<>Disposed")) -> 0
A13: Active (not retired / disposed) | B13: =COUNTIFS('Asset Register'!$A:$A,"?*",'Asset Register'!$F:$F,"<>Retired",'Asset Register'!$F:$F,"<>Disposed")-1 -> 17 | D13: =IF(Lists!$A$10="","",Lists!$A$10) -> Printer | E13: =IF(D13="","",COUNTIFS('Asset Register'!$B:$B,D13,'Asset Register'!$F:$F,"<>Retired",'Asset Register'!$F:$F,"<>Disposed")) -> 0
A14: Spare (ready to issue) | B14: =COUNTIF('Asset Register'!$F:$F,"Spare") -> 0 | D14: =IF(Lists!$A$11="","",Lists!$A$11) -> Scanner | E14: =IF(D14="","",COUNTIFS('Asset Register'!$B:$B,D14,'Asset Register'!$F:$F,"<>Retired",'Asset Register'!$F:$F,"<>Disposed")) -> 0
A15: Repair spend this year (LKR) | B15: =SUMIFS('Fault Log'!$G:$G,'Fault Log'!$H:$H,">="&DATE(YEAR(TODAY()),1,1)) -> 0 | D15: =IF(Lists!$A$12="","",Lists!$A$12) -> Router | E15: =IF(D15="","",COUNTIFS('Asset Register'!$B:$B,D15,'Asset Register'!$F:$F,"<>Retired",'Asset Register'!$F:$F,"<>Disposed")) -> 0
D16: =IF(Lists!$A$13="","",Lists!$A$13) -> Switch | E16: =IF(D16="","",COUNTIFS('Asset Register'!$B:$B,D16,'Asset Register'!$F:$F,"<>Retired",'Asset Register'!$F:$F,"<>Disposed")) -> 0
A17: Assets by status | D17: =IF(Lists!$A$14="","",Lists!$A$14) -> Firewall | E17: =IF(D17="","",COUNTIFS('Asset Register'!$B:$B,D17,'Asset Register'!$F:$F,"<>Retired",'Asset Register'!$F:$F,"<>Disposed")) -> 0
A18: =IF(Lists!$E$2="","",Lists!$E$2) -> In Use | B18: =IF(A18="","",COUNTIF('Asset Register'!$F:$F,A18)) -> 17 | D18: =IF(Lists!$A$15="","",Lists!$A$15) -> Access Point | E18: =IF(D18="","",COUNTIFS('Asset Register'!$B:$B,D18,'Asset Register'!$F:$F,"<>Retired",'Asset Register'!$F:$F,"<>Disposed")) -> 0
A19: =IF(Lists!$E$3="","",Lists!$E$3) -> Spare | B19: =IF(A19="","",COUNTIF('Asset Register'!$F:$F,A19)) -> 0 | D19: =IF(Lists!$A$16="","",Lists!$A$16) -> Server / NAS | E19: =IF(D19="","",COUNTIFS('Asset Register'!$B:$B,D19,'Asset Register'!$F:$F,"<>Retired",'Asset Register'!$F:$F,"<>Disposed")) -> 0
A20: =IF(Lists!$E$4="","",Lists!$E$4) -> Under Repair | B20: =IF(A20="","",COUNTIF('Asset Register'!$F:$F,A20)) -> 0 | D20: =IF(Lists!$A$17="","",Lists!$A$17) -> UPS | E20: =IF(D20="","",COUNTIFS('Asset Register'!$B:$B,D20,'Asset Register'!$F:$F,"<>Retired",'Asset Register'!$F:$F,"<>Disposed")) -> 0
A21: =IF(Lists!$E$5="","",Lists!$E$5) -> Faulty | B21: =IF(A21="","",COUNTIF('Asset Register'!$F:$F,A21)) -> 0 | D21: =IF(Lists!$A$18="","",Lists!$A$18) -> IP Phone | E21: =IF(D21="","",COUNTIFS('Asset Register'!$B:$B,D21,'Asset Register'!$F:$F,"<>Retired",'Asset Register'!$F:$F,"<>Disposed")) -> 0
A22: =IF(Lists!$E$6="","",Lists!$E$6) -> Lost / Stolen | B22: =IF(A22="","",COUNTIF('Asset Register'!$F:$F,A22)) -> 0 | D22: =IF(Lists!$A$19="","",Lists!$A$19) -> Mobile Phone | E22: =IF(D22="","",COUNTIFS('Asset Register'!$B:$B,D22,'Asset Register'!$F:$F,"<>Retired",'Asset Register'!$F:$F,"<>Disposed")) -> 0
A23: =IF(Lists!$E$7="","",Lists!$E$7) -> Retired | B23: =IF(A23="","",COUNTIF('Asset Register'!$F:$F,A23)) -> 0 | D23: =IF(Lists!$A$20="","",Lists!$A$20) -> CCTV / NVR | E23: =IF(D23="","",COUNTIFS('Asset Register'!$B:$B,D23,'Asset Register'!$F:$F,"<>Retired",'Asset Register'!$F:$F,"<>Disposed")) -> 0
A24: =IF(Lists!$E$8="","",Lists!$E$8) -> Disposed | B24: =IF(A24="","",COUNTIF('Asset Register'!$F:$F,A24)) -> 0 | D24: =IF(Lists!$A$21="","",Lists!$A$21) -> Projector | E24: =IF(D24="","",COUNTIFS('Asset Register'!$B:$B,D24,'Asset Register'!$F:$F,"<>Retired",'Asset Register'!$F:$F,"<>Disposed")) -> 0
A25: =IF(Lists!$E$9="","",Lists!$E$9) | B25: =IF(A25="","",COUNTIF('Asset Register'!$F:$F,A25)) | D25: =IF(Lists!$A$22="","",Lists!$A$22) -> External Drive | E25: =IF(D25="","",COUNTIFS('Asset Register'!$B:$B,D25,'Asset Register'!$F:$F,"<>Retired",'Asset Register'!$F:$F,"<>Disposed")) -> 0
D26: =IF(Lists!$A$23="","",Lists!$A$23) -> Other | E26: =IF(D26="","",COUNTIFS('Asset Register'!$B:$B,D26,'Asset Register'!$F:$F,"<>Retired",'Asset Register'!$F:$F,"<>Disposed")) -> 0
A27: Active assets by department | D27: =IF(Lists!$A$24="","",Lists!$A$24) | E27: =IF(D27="","",COUNTIFS('Asset Register'!$B:$B,D27,'Asset Register'!$F:$F,"<>Retired",'Asset Register'!$F:$F,"<>Disposed"))
A28: =IF(Lists!$G$2="","",Lists!$G$2) -> HR | B28: =IF(A28="","",COUNTIFS('Asset Register'!$J:$J,A28,'Asset Register'!$F:$F,"<>Retired",'Asset Register'!$F:$F,"<>Disposed")) -> 0 | D28: =IF(Lists!$A$25="","",Lists!$A$25) | E28: =IF(D28="","",COUNTIFS('Asset Register'!$B:$B,D28,'Asset Register'!$F:$F,"<>Retired",'Asset Register'!$F:$F,"<>Disposed"))
A29: =IF(Lists!$G$3="","",Lists!$G$3) -> Sales | B29: =IF(A29="","",COUNTIFS('Asset Register'!$J:$J,A29,'Asset Register'!$F:$F,"<>Retired",'Asset Register'!$F:$F,"<>Disposed")) -> 0 | D29: =IF(Lists!$A$26="","",Lists!$A$26) | E29: =IF(D29="","",COUNTIFS('Asset Register'!$B:$B,D29,'Asset Register'!$F:$F,"<>Retired",'Asset Register'!$F:$F,"<>Disposed"))
A30: =IF(Lists!$G$4="","",Lists!$G$4) -> Retention | B30: =IF(A30="","",COUNTIFS('Asset Register'!$J:$J,A30,'Asset Register'!$F:$F,"<>Retired",'Asset Register'!$F:$F,"<>Disposed")) -> 0 | D30: =IF(Lists!$A$27="","",Lists!$A$27) | E30: =IF(D30="","",COUNTIFS('Asset Register'!$B:$B,D30,'Asset Register'!$F:$F,"<>Retired",'Asset Register'!$F:$F,"<>Disposed"))
A31: =IF(Lists!$G$5="","",Lists!$G$5) -> Travel | B31: =IF(A31="","",COUNTIFS('Asset Register'!$J:$J,A31,'Asset Register'!$F:$F,"<>Retired",'Asset Register'!$F:$F,"<>Disposed")) -> 15
A32: =IF(Lists!$G$6="","",Lists!$G$6) -> IT | B32: =IF(A32="","",COUNTIFS('Asset Register'!$J:$J,A32,'Asset Register'!$F:$F,"<>Retired",'Asset Register'!$F:$F,"<>Disposed")) -> 2 | D32: Faults by status
A33: =IF(Lists!$G$7="","",Lists!$G$7) | B33: =IF(A33="","",COUNTIFS('Asset Register'!$J:$J,A33,'Asset Register'!$F:$F,"<>Retired",'Asset Register'!$F:$F,"<>Disposed")) | D33: =IF(Lists!$I$2="","",Lists!$I$2) -> Open | E33: =IF(D33="","",COUNTIF('Fault Log'!$I:$I,D33)) -> 0
A34: =IF(Lists!$G$8="","",Lists!$G$8) | B34: =IF(A34="","",COUNTIFS('Asset Register'!$J:$J,A34,'Asset Register'!$F:$F,"<>Retired",'Asset Register'!$F:$F,"<>Disposed")) | D34: =IF(Lists!$I$3="","",Lists!$I$3) -> In Progress | E34: =IF(D34="","",COUNTIF('Fault Log'!$I:$I,D34)) -> 0
A35: =IF(Lists!$G$9="","",Lists!$G$9) | B35: =IF(A35="","",COUNTIFS('Asset Register'!$J:$J,A35,'Asset Register'!$F:$F,"<>Retired",'Asset Register'!$F:$F,"<>Disposed")) | D35: =IF(Lists!$I$4="","",Lists!$I$4) -> With Vendor | E35: =IF(D35="","",COUNTIF('Fault Log'!$I:$I,D35)) -> 0
D36: =IF(Lists!$I$5="","",Lists!$I$5) -> Closed | E36: =IF(D36="","",COUNTIF('Fault Log'!$I:$I,D36)) -> 1
D37: =IF(Lists!$I$6="","",Lists!$I$6) | E37: =IF(D37="","",COUNTIF('Fault Log'!$I:$I,D37))

Sheet Asset Register
A1: Asset Tag | B1: Category | C1: Make | D1: Model | E1: Serial Number | F1: Status | G1: Condition | H1: Assigned To | I1: NID No. | J1: Department | K1: Location / Desk | L1: Date Assigned | M1: Specification | N1: Notes | O1: Open Faults | P1: Times Repaired
A2: PBS-LAP-001 | B2: Laptop | C2: Dell | D2: Latitude 5400 | E2: B4FLZY2 | F2: In Use | G2: Good | H2: sahan samidhu | I2: NIC200115301305 | J2: IT | K2: travel section | L2: 46296 | M2: i7-8665U / 8GB / 256GB SSD | N2: Charger, mouse, mouse pad | O2: =IF($A2="","",COUNTIF('Fault Log'!$B:$B,$A2)-COUNTIFS('Fault Log'!$B:$B,$A2,'Fault Log'!$I:$I,"Closed")) -> 0 | P2: =IF($A2="","",COUNTIF('Fault Log'!$B:$B,$A2)) -> 1
A3: PBS-MOU-001 | B3: Mouse | C3: Dell | D3: MS116T | F3: In Use | G3: Good | H3: sahan samidhu | I3: NIC200115301305 | J3: IT | K3: travel section | L3: 46296 | M3: optical mouse | O3: =IF($A3="","",COUNTIF('Fault Log'!$B:$B,$A3)-COUNTIFS('Fault Log'!$B:$B,$A3,'Fault Log'!$I:$I,"Closed")) -> 0 | P3: =IF($A3="","",COUNTIF('Fault Log'!$B:$B,$A3)) -> 0
A4: PBS-LAP-002 | B4: Laptop | C4: Lenovo | D4: ThinkPad T470 | E4: PF0Y5ACQ | F4: In Use | G4: Good | H4: Dhanushkar Manivannan | I4: NIC200004000039 | J4: Travel | K4: Travel section / Desk 1 | L4: 46239 | M4: i5-7300U / 8GB / 256GB SSD | N4: Charger: Lenovo 65W | O4: =IF($A4="","",COUNTIF('Fault Log'!$B:$B,$A4)-COUNTIFS('Fault Log'!$B:$B,$A4,'Fault Log'!$I:$I,"Closed")) -> 0 | P4: =IF($A4="","",COUNTIF('Fault Log'!$B:$B,$A4)) -> 0
A5: PBS-MOU-002 | B5: Mouse | C5: Dell | D5: MS116T | F5: In Use | G5: Good | H5: Dhanushkar Manivannan | I5: NIC200004000039 | J5: Travel | K5: Travel section / Desk 1 | L5: 46239 | M5: optical mouse | O5: =IF($A5="","",COUNTIF('Fault Log'!$B:$B,$A5)-COUNTIFS('Fault Log'!$B:$B,$A5,'Fault Log'!$I:$I,"Closed")) -> 0 | P5: =IF($A5="","",COUNTIF('Fault Log'!$B:$B,$A5)) -> 0
A6: PBS-HST-001 | B6: Headset | C6: Logitech | D6: H390 | F6: In Use | G6: Good | H6: Dhanushkar Manivannan | I6: NIC200004000039 | J6: Travel | K6: Travel section / Desk 1 | L6: 46239 | O6: =IF($A6="","",COUNTIF('Fault Log'!$B:$B,$A6)-COUNTIFS('Fault Log'!$B:$B,$A6,'Fault Log'!$I:$I,"Closed")) -> 0 | P6: =IF($A6="","",COUNTIF('Fault Log'!$B:$B,$A6)) -> 0
A7: PBS-LAP-003 | B7: Laptop | C7: Lenovo | D7: ThinkPad T470 | E7: PF117GS5 | F7: In Use | G7: Good | H7: Iroshan SureshKumar | I7: NIC200431305525 | J7: Travel | K7: Travel section / Desk 2 | L7: 46239 | M7: i5-7300U / 8GB / 256GB SSD | N7: Charger: Lenovo 65W | O7: =IF($A7="","",COUNTIF('Fault Log'!$B:$B,$A7)-COUNTIFS('Fault Log'!$B:$B,$A7,'Fault Log'!$I:$I,"Closed")) -> 0 | P7: =IF($A7="","",COUNTIF('Fault Log'!$B:$B,$A7)) -> 0
A8: PBS-MOU-003 | B8: Mouse | C8: Dell | D8: MS116T | F8: In Use | G8: Good | H8: Iroshan SureshKumar | I8: NIC200431305525 | J8: Travel | K8: Travel section / Desk 2 | L8: 46239 | M8: optical mouse | O8: =IF($A8="","",COUNTIF('Fault Log'!$B:$B,$A8)-COUNTIFS('Fault Log'!$B:$B,$A8,'Fault Log'!$I:$I,"Closed")) -> 0 | P8: =IF($A8="","",COUNTIF('Fault Log'!$B:$B,$A8)) -> 0
A9: PBS-HST-002 | B9: Headset | C9: Logitech | D9: TBC | F9: In Use | G9: Good | H9: Iroshan SureshKumar | I9: NIC200431305525 | J9: Travel | K9: Travel section / Desk 2 | L9: 46239 | O9: =IF($A9="","",COUNTIF('Fault Log'!$B:$B,$A9)-COUNTIFS('Fault Log'!$B:$B,$A9,'Fault Log'!$I:$I,"Closed")) -> 0 | P9: =IF($A9="","",COUNTIF('Fault Log'!$B:$B,$A9)) -> 0
A10: PBS-LAP-004 | B10: Laptop | C10: Lenovo | D10: ThinkPad T470 | E10: PF1RC6TG | F10: In Use | G10: Good | H10: Mohamed Mafaz Rizma | I10: NIC200656304304 | J10: Travel | K10: Travel section / Desk 3 | L10: 46239 | M10: i5-8th gen / 8GB / 256GB SSD | N10: Charger: Lenovo 65W | O10: =IF($A10="","",COUNTIF('Fault Log'!$B:$B,$A10)-COUNTIFS('Fault Log'!$B:$B,$A10,'Fault Log'!$I:$I,"Closed")) -> 0 | P10: =IF($A10="","",COUNTIF('Fault Log'!$B:$B,$A10)) -> 0
A11: PBS-MOU-004 | B11: Mouse | C11: Dell | D11: MS116T | F11: In Use | G11: Good | H11: Mohamed Mafaz Rizma | I11: NIC200656304304 | J11: Travel | K11: Travel section / Desk 3 | L11: 46239 | M11: optical mouse | O11: =IF($A11="","",COUNTIF('Fault Log'!$B:$B,$A11)-COUNTIFS('Fault Log'!$B:$B,$A11,'Fault Log'!$I:$I,"Closed")) -> 0 | P11: =IF($A11="","",COUNTIF('Fault Log'!$B:$B,$A11)) -> 0
A12: PBS-HST-003 | B12: Headset | C12: Logitech | D12: TBC | F12: In Use | G12: Good | H12: Mohamed Mafaz Rizma | I12: NIC200656304304 | J12: Travel | K12: Travel section / Desk 3 | L12: 46239 | O12: =IF($A12="","",COUNTIF('Fault Log'!$B:$B,$A12)-COUNTIFS('Fault Log'!$B:$B,$A12,'Fault Log'!$I:$I,"Closed")) -> 0 | P12: =IF($A12="","",COUNTIF('Fault Log'!$B:$B,$A12)) -> 0
A13: PBS-LAP-005 | B13: Laptop | C13: Lenovo | D13: ThinkPad T470 | E13: HYLYRN2 | F13: In Use | G13: Good | H13: Zafirah Ramzan | I13: NIC199967610084 | J13: Travel | K13: Travel section / Desk 4 | L13: 46239 | M13: i5-8th gen / 8GB / 256GB SSD | N13: Charger: Lenovo 65W | O13: =IF($A13="","",COUNTIF('Fault Log'!$B:$B,$A13)-COUNTIFS('Fault Log'!$B:$B,$A13,'Fault Log'!$I:$I,"Closed")) -> 0 | P13: =IF($A13="","",COUNTIF('Fault Log'!$B:$B,$A13)) -> 0
A14: PBS-MOU-005 | B14: Mouse | C14: Dell | D14: MS116T | F14: In Use | G14: Good | H14: Zafirah Ramzan | I14: NIC199967610084 | J14: Travel | K14: Travel section / Desk 4 | L14: 46239 | M14: optical mouse | O14: =IF($A14="","",COUNTIF('Fault Log'!$B:$B,$A14)-COUNTIFS('Fault Log'!$B:$B,$A14,'Fault Log'!$I:$I,"Closed")) -> 0 | P14: =IF($A14="","",COUNTIF('Fault Log'!$B:$B,$A14)) -> 0
A15: PBS-HST-004 | B15: Headset | C15: Logitech | D15: TBC | F15: In Use | G15: Good | H15: Zafirah Ramzan | I15: NIC199967610084 | J15: Travel | K15: Travel section / Desk 4 | L15: 46239 | O15: =IF($A15="","",COUNTIF('Fault Log'!$B:$B,$A15)-COUNTIFS('Fault Log'!$B:$B,$A15,'Fault Log'!$I:$I,"Closed")) -> 0 | P15: =IF($A15="","",COUNTIF('Fault Log'!$B:$B,$A15)) -> 0
A16: PBS-LAP-006 | B16: Laptop | C16: Lenovo | D16: ThinkPad T470 | E16: PF1FBVGA | F16: In Use | G16: Good | H16: K Monila Abilashini | I16: NIC200176333520 | J16: Travel | K16: Travel section / Desk 5 | L16: 46239 | M16: i5-8th gen / 8GB / 256GB SSD | N16: Charger: Lenovo 65W | O16: =IF($A16="","",COUNTIF('Fault Log'!$B:$B,$A16)-COUNTIFS('Fault Log'!$B:$B,$A16,'Fault Log'!$I:$I,"Closed")) -> 0 | P16: =IF($A16="","",COUNTIF('Fault Log'!$B:$B,$A16)) -> 0
A17: PBS-MOU-006 | B17: Mouse | C17: Dell | D17: MS116T | F17: In Use | G17: Good | H17: K Monila Abilashini | I17: NIC200176333520 | J17: Travel | K17: Travel section / Desk 5 | L17: 46239 | M17: optical mouse | O17: =IF($A17="","",COUNTIF('Fault Log'!$B:$B,$A17)-COUNTIFS('Fault Log'!$B:$B,$A17,'Fault Log'!$I:$I,"Closed")) -> 0 | P17: =IF($A17="","",COUNTIF('Fault Log'!$B:$B,$A17)) -> 0
A18: PBS-HST-005 | B18: Headset | C18: Logitech | D18: TBC | F18: In Use | G18: Good | H18: K Monila Abilashini | I18: NIC200176333520 | J18: Travel | K18: Travel section / Desk 5 | L18: 46239 | O18: =IF($A18="","",COUNTIF('Fault Log'!$B:$B,$A18)-COUNTIFS('Fault Log'!$B:$B,$A18,'Fault Log'!$I:$I,"Closed")) -> 0 | P18: =IF($A18="","",COUNTIF('Fault Log'!$B:$B,$A18)) -> 0
O19: =IF($A19="","",COUNTIF('Fault Log'!$B:$B,$A19)-COUNTIFS('Fault Log'!$B:$B,$A19,'Fault Log'!$I:$I,"Closed")) | P19: =IF($A19="","",COUNTIF('Fault Log'!$B:$B,$A19))
O20: =IF($A20="","",COUNTIF('Fault Log'!$B:$B,$A20)-COUNTIFS('Fault Log'!$B:$B,$A20,'Fault Log'!$I:$I,"Closed")) | P20: =IF($A20="","",COUNTIF('Fault Log'!$B:$B,$A20))
O21: =IF($A21="","",COUNTIF('Fault Log'!$B:$B,$A21)-COUNTIFS('Fault Log'!$B:$B,$A21,'Fault Log'!$I:$I,"Closed")) | P21: =IF($A21="","",COUNTIF('Fault Log'!$B:$B,$A21))
O22: =IF($A22="","",COUNTIF('Fault Log'!$B:$B,$A22)-COUNTIFS('Fault Log'!$B:$B,$A22,'Fault Log'!$I:$I,"Closed")) | P22: =IF($A22="","",COUNTIF('Fault Log'!$B:$B,$A22))
O23: =IF($A23="","",COUNTIF('Fault Log'!$B:$B,$A23)-COUNTIFS('Fault Log'!$B:$B,$A23,'Fault Log'!$I:$I,"Closed")) | P23: =IF($A23="","",COUNTIF('Fault Log'!$B:$B,$A23))
O24: =IF($A24="","",COUNTIF('Fault Log'!$B:$B,$A24)-COUNTIFS('Fault Log'!$B:$B,$A24,'Fault Log'!$I:$I,"Closed")) | P24: =IF($A24="","",COUNTIF('Fault Log'!$B:$B,$A24))
O25: =IF($A25="","",COUNTIF('Fault Log'!$B:$B,$A25)-COUNTIFS('Fault Log'!$B:$B,$A25,'Fault Log'!$I:$I,"Closed")) | P25: =IF($A25="","",COUNTIF('Fault Log'!$B:$B,$A25))
O26: =IF($A26="","",COUNTIF('Fault Log'!$B:$B,$A26)-COUNTIFS('Fault Log'!$B:$B,$A26,'Fault Log'!$I:$I,"Closed")) | P26: =IF($A26="","",COUNTIF('Fault Log'!$B:$B,$A26))
O27: =IF($A27="","",COUNTIF('Fault Log'!$B:$B,$A27)-COUNTIFS('Fault Log'!$B:$B,$A27,'Fault Log'!$I:$I,"Closed")) | P27: =IF($A27="","",COUNTIF('Fault Log'!$B:$B,$A27))
O28: =IF($A28="","",COUNTIF('Fault Log'!$B:$B,$A28)-COUNTIFS('Fault Log'!$B:$B,$A28,'Fault Log'!$I:$I,"Closed")) | P28: =IF($A28="","",COUNTIF('Fault Log'!$B:$B,$A28))
O29: =IF($A29="","",COUNTIF('Fault Log'!$B:$B,$A29)-COUNTIFS('Fault Log'!$B:$B,$A29,'Fault Log'!$I:$I,"Closed")) | P29: =IF($A29="","",COUNTIF('Fault Log'!$B:$B,$A29))
O30: =IF($A30="","",COUNTIF('Fault Log'!$B:$B,$A30)-COUNTIFS('Fault Log'!$B:$B,$A30,'Fault Log'!$I:$I,"Closed")) | P30: =IF($A30="","",COUNTIF('Fault Log'!$B:$B,$A30))
... O500: =IF($A500="","",COUNTIF('Fault Log'!$B:$B,$A500)-COUNTIFS('Fault Log'!$B:$B,$A500,'Fault Log'!$I:$I,"Closed")) | P500: =IF($A500="","",COUNTIF('Fault Log'!$B:$B,$A500))

Sheet Change Log
A1: Log ID | B1: Date | C1: Asset Tag | D1: Change Type | E1: From (user / location / old part) | F1: To (user / location / new part) | G1: Reason / Details | H1: Handover Form No
A2: CHG-0001 | B2: 46296 | C2: PBS-LAP-001 | D2: Issued | E2: IT Store | F2: sahan samidhu | G2: IT section — recorded during inventory setup
A3: CHG-0002 | B3: 46296 | C3: PBS-MOU-001 | D3: Issued | E3: IT Store | F3: sahan samidhu | G3: IT section — recorded during inventory setup
A4: CHG-0003 | B4: 46239 | C4: PBS-LAP-002 | D4: Issued | E4: IT Store | F4: Travel User 1 | G4: Travel section — recorded during inventory setup
A5: CHG-0004 | B5: 46239 | C5: PBS-MOU-002 | D5: Issued | E5: IT Store | F5: Travel User 1 | G5: Travel section — recorded during inventory setup
A6: CHG-0005 | B6: 46239 | C6: PBS-HST-001 | D6: Issued | E6: IT Store | F6: Travel User 1 | G6: Travel section — recorded during inventory setup
A7: CHG-0006 | B7: 46239 | C7: PBS-LAP-003 | D7: Issued | E7: IT Store | F7: Travel User 2 | G7: Travel section — recorded during inventory setup
A8: CHG-0007 | B8: 46239 | C8: PBS-MOU-003 | D8: Issued | E8: IT Store | F8: Travel User 2 | G8: Travel section — recorded during inventory setup
A9: CHG-0008 | B9: 46239 | C9: PBS-HST-002 | D9: Issued | E9: IT Store | F9: Travel User 2 | G9: Travel section — recorded during inventory setup
A10: CHG-0009 | B10: 46239 | C10: PBS-LAP-004 | D10: Issued | E10: IT Store | F10: Travel User 3 | G10: Travel section — recorded during inventory setup
A11: CHG-0010 | B11: 46239 | C11: PBS-MOU-004 | D11: Issued | E11: IT Store | F11: Travel User 3 | G11: Travel section — recorded during inventory setup
A12: CHG-0011 | B12: 46239 | C12: PBS-HST-003 | D12: Issued | E12: IT Store | F12: Travel User 3 | G12: Travel section — recorded during inventory setup
A13: CHG-0012 | B13: 46239 | C13: PBS-LAP-005 | D13: Issued | E13: IT Store | F13: Travel User 4 | G13: Travel section — recorded during inventory setup
... A18: CHG-0017 | B18: 46239 | C18: PBS-HST-005 | D18: Issued | E18: IT Store | F18: Travel User 5 | G18: Travel section — recorded during inventory setup

Sheet Fault Log
A1: Fault ID | B1: Asset Tag | C1: Date Reported | D1: Reported By | E1: Fault / Issue | F1: Action Taken | G1: Cost (LKR) | H1: Date Closed | I1: Status | J1: Remarks
A2: FLT-0001 | B2: PBS-LAP-001 | C2: 46296 | D2: sahan samidhu | E2: nuts are on loose | F2: fix by supplier (lanka pc) | G2: 0 | H2: 46296 | I2: Closed

Sheet Consumables
A1: Item Code | B1: Item | C1: Qty Received | D1: Qty Issued | E1: In Stock | F1: Reorder Level | G1: Reorder? | H1: Notes
A2: MOU-0001 | B2: optical mouse | C2: 30 | D2: 22 | E2: =IF($A2="","",$C2-$D2) -> 8 | F2: 10 | G2: =IF($A2="","",IF($F2="","",IF($C2-$D2<=$F2,"REORDER","OK"))) -> REORDER
E3: =IF($A3="","",$C3-$D3) | G3: =IF($A3="","",IF($F3="","",IF($C3-$D3<=$F3,"REORDER","OK")))
E4: =IF($A4="","",$C4-$D4) | G4: =IF($A4="","",IF($F4="","",IF($C4-$D4<=$F4,"REORDER","OK")))
E5: =IF($A5="","",$C5-$D5) | G5: =IF($A5="","",IF($F5="","",IF($C5-$D5<=$F5,"REORDER","OK")))
E6: =IF($A6="","",$C6-$D6) | G6: =IF($A6="","",IF($F6="","",IF($C6-$D6<=$F6,"REORDER","OK")))
E7: =IF($A7="","",$C7-$D7) | G7: =IF($A7="","",IF($F7="","",IF($C7-$D7<=$F7,"REORDER","OK")))
E8: =IF($A8="","",$C8-$D8) | G8: =IF($A8="","",IF($F8="","",IF($C8-$D8<=$F8,"REORDER","OK")))
E9: =IF($A9="","",$C9-$D9) | G9: =IF($A9="","",IF($F9="","",IF($C9-$D9<=$F9,"REORDER","OK")))
E10: =IF($A10="","",$C10-$D10) | G10: =IF($A10="","",IF($F10="","",IF($C10-$D10<=$F10,"REORDER","OK")))
E11: =IF($A11="","",$C11-$D11) | G11: =IF($A11="","",IF($F11="","",IF($C11-$D11<=$F11,"REORDER","OK")))
E12: =IF($A12="","",$C12-$D12) | G12: =IF($A12="","",IF($F12="","",IF($C12-$D12<=$F12,"REORDER","OK")))
E13: =IF($A13="","",$C13-$D13) | G13: =IF($A13="","",IF($F13="","",IF($C13-$D13<=$F13,"REORDER","OK")))
E14: =IF($A14="","",$C14-$D14) | G14: =IF($A14="","",IF($F14="","",IF($C14-$D14<=$F14,"REORDER","OK")))
... E500: =IF($A500="","",$C500-$D500) | G500: =IF($A500="","",IF($F500="","",IF($C500-$D500<=$F500,"REORDER","OK")))

Sheet Lists
A1: Category | B1: Tag Prefix | C1: Next Free Tag | E1: Status | F1: Condition | G1: Department | H1: Change Type | I1: Fault Status | K1: How to edit
A2: Laptop | B2: LAP | C2: =IF($A2="","","PBS-"&$B2&"-"&TEXT(COUNTIF('Asset Register'!$B:$B,$A2)+1,"000")) -> PBS-LAP-007 | E2: In Use | F2: New | G2: HR | H2: Received (New) | I2: Open | K2: Type a new value at the bottom of a list — it appears in the dropdowns straight away.
A3: Desktop | B3: DSK | C3: =IF($A3="","","PBS-"&$B3&"-"&TEXT(COUNTIF('Asset Register'!$B:$B,$A3)+1,"000")) -> PBS-DSK-001 | E3: Spare | F3: Good | G3: Sales | H3: Issued | I3: In Progress | K3: No blank cells inside a list: a gap ends the dropdown there.
A4: Monitor | B4: MON | C4: =IF($A4="","","PBS-"&$B4&"-"&TEXT(COUNTIF('Asset Register'!$B:$B,$A4)+1,"000")) -> PBS-MON-001 | E4: Under Repair | F4: Fair | G4: Retention | H4: Returned | I4: With Vendor | K4: New category? Add its 3-letter prefix in column B too.
A5: Headset | B5: HST | C5: =IF($A5="","","PBS-"&$B5&"-"&TEXT(COUNTIF('Asset Register'!$B:$B,$A5)+1,"000")) -> PBS-HST-006 | E5: Faulty | F5: Poor | G5: Travel | H5: Reassigned | I5: Closed | K5: Next Free Tag = the tag to print for the next item of that category.
A6: Keyboard | B6: KBD | C6: =IF($A6="","","PBS-"&$B6&"-"&TEXT(COUNTIF('Asset Register'!$B:$B,$A6)+1,"000")) -> PBS-KBD-001 | E6: Lost / Stolen | F6: Damaged | G6: IT | H6: Location Changed
A7: Mouse | B7: MOU | C7: =IF($A7="","","PBS-"&$B7&"-"&TEXT(COUNTIF('Asset Register'!$B:$B,$A7)+1,"000")) -> PBS-MOU-007 | E7: Retired | H7: Sent for Repair
A8: Webcam | B8: CAM | C8: =IF($A8="","","PBS-"&$B8&"-"&TEXT(COUNTIF('Asset Register'!$B:$B,$A8)+1,"000")) -> PBS-CAM-001 | E8: Disposed | H8: Back from Repair
A9: Docking Station | B9: DOC | C9: =IF($A9="","","PBS-"&$B9&"-"&TEXT(COUNTIF('Asset Register'!$B:$B,$A9)+1,"000")) -> PBS-DOC-001 | H9: Upgraded
A10: Printer | B10: PRN | C10: =IF($A10="","","PBS-"&$B10&"-"&TEXT(COUNTIF('Asset Register'!$B:$B,$A10)+1,"000")) -> PBS-PRN-001 | H10: Part Replaced
A11: Scanner | B11: SCN | C11: =IF($A11="","","PBS-"&$B11&"-"&TEXT(COUNTIF('Asset Register'!$B:$B,$A11)+1,"000")) -> PBS-SCN-001 | H11: OS Reinstalled
A12: Router | B12: RTR | C12: =IF($A12="","","PBS-"&$B12&"-"&TEXT(COUNTIF('Asset Register'!$B:$B,$A12)+1,"000")) -> PBS-RTR-001 | H12: Retired
A13: Switch | B13: SWT | C13: =IF($A13="","","PBS-"&$B13&"-"&TEXT(COUNTIF('Asset Register'!$B:$B,$A13)+1,"000")) -> PBS-SWT-001 | H13: Disposed
A14: Firewall | B14: FWL | C14: =IF($A14="","","PBS-"&$B14&"-"&TEXT(COUNTIF('Asset Register'!$B:$B,$A14)+1,"000")) -> PBS-FWL-001
A15: Access Point | B15: WAP | C15: =IF($A15="","","PBS-"&$B15&"-"&TEXT(COUNTIF('Asset Register'!$B:$B,$A15)+1,"000")) -> PBS-WAP-001
A16: Server / NAS | B16: SRV | C16: =IF($A16="","","PBS-"&$B16&"-"&TEXT(COUNTIF('Asset Register'!$B:$B,$A16)+1,"000")) -> PBS-SRV-001
A17: UPS | B17: UPS | C17: =IF($A17="","","PBS-"&$B17&"-"&TEXT(COUNTIF('Asset Register'!$B:$B,$A17)+1,"000")) -> PBS-UPS-001
A18: IP Phone | B18: PHN | C18: =IF($A18="","","PBS-"&$B18&"-"&TEXT(COUNTIF('Asset Register'!$B:$B,$A18)+1,"000")) -> PBS-PHN-001
A19: Mobile Phone | B19: MOB | C19: =IF($A19="","","PBS-"&$B19&"-"&TEXT(COUNTIF('Asset Register'!$B:$B,$A19)+1,"000")) -> PBS-MOB-001
A20: CCTV / NVR | B20: CCT | C20: =IF($A20="","","PBS-"&$B20&"-"&TEXT(COUNTIF('Asset Register'!$B:$B,$A20)+1,"000")) -> PBS-CCT-001
A21: Projector | B21: PRJ | C21: =IF($A21="","","PBS-"&$B21&"-"&TEXT(COUNTIF('Asset Register'!$B:$B,$A21)+1,"000")) -> PBS-PRJ-001
A22: External Drive | B22: HDD | C22: =IF($A22="","","PBS-"&$B22&"-"&TEXT(COUNTIF('Asset Register'!$B:$B,$A22)+1,"000")) -> PBS-HDD-001
A23: Other | B23: OTH | C23: =IF($A23="","","PBS-"&$B23&"-"&TEXT(COUNTIF('Asset Register'!$B:$B,$A23)+1,"000")) -> PBS-OTH-001
C24: =IF($A24="","","PBS-"&$B24&"-"&TEXT(COUNTIF('Asset Register'!$B:$B,$A24)+1,"000"))
C25: =IF($A25="","","PBS-"&$B25&"-"&TEXT(COUNTIF('Asset Register'!$B:$B,$A25)+1,"000"))
C26: =IF($A26="","","PBS-"&$B26&"-"&TEXT(COUNTIF('Asset Register'!$B:$B,$A26)+1,"000"))
C27: =IF($A27="","","PBS-"&$B27&"-"&TEXT(COUNTIF('Asset Register'!$B:$B,$A27)+1,"000"))
C28: =IF($A28="","","PBS-"&$B28&"-"&TEXT(COUNTIF('Asset Register'!$B:$B,$A28)+1,"000"))
C29: =IF($A29="","","PBS-"&$B29&"-"&TEXT(COUNTIF('Asset Register'!$B:$B,$A29)+1,"000"))
C30: =IF($A30="","","PBS-"&$B30&"-"&TEXT(COUNTIF('Asset Register'!$B:$B,$A30)+1,"000"))
C31: =IF($A31="","","PBS-"&$B31&"-"&TEXT(COUNTIF('Asset Register'!$B:$B,$A31)+1,"000"))
C32: =IF($A32="","","PBS-"&$B32&"-"&TEXT(COUNTIF('Asset Register'!$B:$B,$A32)+1,"000"))
C33: =IF($A33="","","PBS-"&$B33&"-"&TEXT(COUNTIF('Asset Register'!$B:$B,$A33)+1,"000"))
C34: =IF($A34="","","PBS-"&$B34&"-"&TEXT(COUNTIF('Asset Register'!$B:$B,$A34)+1,"000"))
C35: =IF($A35="","","PBS-"&$B35&"-"&TEXT(COUNTIF('Asset Register'!$B:$B,$A35)+1,"000"))
... C40: =IF($A40="","","PBS-"&$B40&"-"&TEXT(COUNTIF('Asset Register'!$B:$B,$A40)+1,"000"))
